sequence,questionname
1,请替换为已授权的SCL-90第1题题干
2,请替换为已授权的SCL-90第2题题干
3,请替换为已授权的SCL-90第3题题干
4,请替换为已授权的SCL-90第4题题干
5,请替换为已授权的SCL-90第5题题干
6,请替换为已授权的SCL-90第6题题干
7,请替换为已授权的SCL-90第7题题干
8,请替换为已授权的SCL-90第8题题干
9,请替换为已授权的SCL-90第9题题干
10,请替换为已授权的SCL-90第10题题干
11,请替换为已授权的SCL-90第11题题干
12,请替换为已授权的SCL-90第12题题干
13,请替换为已授权的SCL-90第13题题干
14,请替换为已授权的SCL-90第14题题干
15,请替换为已授权的SCL-90第15题题干
16,请替换为已授权的SCL-90第16题题干
17,请替换为已授权的SCL-90第17题题干
18,请替换为已授权的SCL-90第18题题干
19,请替换为已授权的SCL-90第19题题干
20,请替换为已授权的SCL-90第20题题干
21,请替换为已授权的SCL-90第21题题干
22,请替换为已授权的SCL-90第22题题干
23,请替换为已授权的SCL-90第23题题干
24,请替换为已授权的SCL-90第24题题干
25,请替换为已授权的SCL-90第25题题干
26,请替换为已授权的SCL-90第26题题干
27,请替换为已授权的SCL-90第27题题干
28,请替换为已授权的SCL-90第28题题干
29,请替换为已授权的SCL-90第29题题干
30,请替换为已授权的SCL-90第30题题干
31,请替换为已授权的SCL-90第31题题干
32,请替换为已授权的SCL-90第32题题干
33,请替换为已授权的SCL-90第33题题干
34,请替换为已授权的SCL-90第34题题干
35,请替换为已授权的SCL-90第35题题干
36,请替换为已授权的SCL-90第36题题干
37,请替换为已授权的SCL-90第37题题干
38,请替换为已授权的SCL-90第38题题干
39,请替换为已授权的SCL-90第39题题干
40,请替换为已授权的SCL-90第40题题干
41,请替换为已授权的SCL-90第41题题干
42,请替换为已授权的SCL-90第42题题干
43,请替换为已授权的SCL-90第43题题干
44,请替换为已授权的SCL-90第44题题干
45,请替换为已授权的SCL-90第45题题干
46,请替换为已授权的SCL-90第46题题干
47,请替换为已授权的SCL-90第47题题干
48,请替换为已授权的SCL-90第48题题干
49,请替换为已授权的SCL-90第49题题干
50,请替换为已授权的SCL-90第50题题干
51,请替换为已授权的SCL-90第51题题干
52,请替换为已授权的SCL-90第52题题干
53,请替换为已授权的SCL-90第53题题干
54,请替换为已授权的SCL-90第54题题干
55,请替换为已授权的SCL-90第55题题干
56,请替换为已授权的SCL-90第56题题干
57,请替换为已授权的SCL-90第57题题干
58,请替换为已授权的SCL-90第58题题干
59,请替换为已授权的SCL-90第59题题干
60,请替换为已授权的SCL-90第60题题干
61,请替换为已授权的SCL-90第61题题干
62,请替换为已授权的SCL-90第62题题干
63,请替换为已授权的SCL-90第63题题干
64,请替换为已授权的SCL-90第64题题干
65,请替换为已授权的SCL-90第65题题干
66,请替换为已授权的SCL-90第66题题干
67,请替换为已授权的SCL-90第67题题干
68,请替换为已授权的SCL-90第68题题干
69,请替换为已授权的SCL-90第69题题干
70,请替换为已授权的SCL-90第70题题干
71,请替换为已授权的SCL-90第71题题干
72,请替换为已授权的SCL-90第72题题干
73,请替换为已授权的SCL-90第73题题干
74,请替换为已授权的SCL-90第74题题干
75,请替换为已授权的SCL-90第75题题干
76,请替换为已授权的SCL-90第76题题干
77,请替换为已授权的SCL-90第77题题干
78,请替换为已授权的SCL-90第78题题干
79,请替换为已授权的SCL-90第79题题干
80,请替换为已授权的SCL-90第80题题干
81,请替换为已授权的SCL-90第81题题干
82,请替换为已授权的SCL-90第82题题干
83,请替换为已授权的SCL-90第83题题干
84,请替换为已授权的SCL-90第84题题干
85,请替换为已授权的SCL-90第85题题干
86,请替换为已授权的SCL-90第86题题干
87,请替换为已授权的SCL-90第87题题干
88,请替换为已授权的SCL-90第88题题干
89,请替换为已授权的SCL-90第89题题干
90,请替换为已授权的SCL-90第90题题干
